"title","content","author"
"The Future of Remote Work","Exploring the challenges and benefits of a fully distributed workforce. We delve into new technologies and strategies for maintaining team cohesion and productivity.","Sarah Jenkins"
"A Beginner's Guide to Home Gardening","Learn how to start your own vegetable garden with simple tips for soil preparation, planting, and harvesting. Even a small space can yield a bountiful harvest.","James Harrison"
"The Secret to Productivity: The Pomodoro Technique","Discover how the Pomodoro Technique can revolutionize your work habits. By breaking down tasks into focused intervals, you can improve concentration and reduce burnout.","Maria Lopez"
"Mastering the Art of Digital Photography","From understanding aperture and shutter speed to composing a stunning shot, this guide covers the fundamentals of digital photography for aspiring artists.","Kevin Rodriguez"
"The Rise of Sustainable Fashion","We examine how major brands are shifting towards eco-friendly materials and ethical production. Learn how to make more conscious choices when updating your wardrobe.","Laura Chen"
"Building a Personal Brand on Social Media","Creating a strong personal brand is key to professional success. This post provides actionable steps to build your online presence and connect with your audience.","David Miller"
"The Science Behind a Good Night's Sleep","Uncover the biological processes that govern your sleep cycle and learn practical tips to improve the quality of your rest. Sleep is the foundation of good health.","Sophia Lee"
"Investing for Beginners: A Simple Guide","Demystifying the world of stocks, bonds, and mutual funds. We break down the core principles of investing and help you take your first steps towards financial independence.","Michael Brown"
"The Importance of Cybersecurity in the Modern Age","With our lives increasingly online, protecting your digital identity has never been more critical. This article covers simple steps to secure your data and devices.","Jessica Davis"
"Exploring the World of Craft Coffee","From bean origin to brewing methods, this deep dive into the craft coffee movement will help you find your perfect cup. It's more than just a drink; it's an experience.","Ryan Garcia"
"The Power of Positive Thinking","How a simple shift in mindset can change your life. We explore the psychological benefits of optimism and provide exercises to help you cultivate a more positive outlook.","Sarah Jenkins"
"Navigating the Job Market in the AI Era","With artificial intelligence transforming industries, what skills are most valuable for the future? We discuss how to adapt and thrive in a rapidly changing professional landscape.","James Harrison"
"The Joy of Cooking: A Simple Chicken Recipe","Follow our easy-to-follow recipe for a delicious roasted chicken, perfect for a family dinner. Simple ingredients, extraordinary flavor.","Maria Lopez"
"Understanding the Blockchain: Beyond the Hype","A clear explanation of what blockchain technology is and how it's being applied outside of cryptocurrencies, from supply chain management to digital voting.","Kevin Rodriguez"
"Mindfulness Meditation for Stress Reduction","Learn the basic principles of mindfulness and how a few minutes of meditation a day can significantly reduce stress and improve mental clarity.","Laura Chen"
"The Ultimate Guide to Hiking for Beginners","Gear up for your first hike with our comprehensive guide. We cover essential equipment, safety tips, and trail etiquette for a great experience.","David Miller"
"Designing a Minimalist Living Space","Create a calm and clutter-free home with our minimalist design tips. Less is more when it comes to creating a peaceful sanctuary.","Sophia Lee"
"Starting a Side Hustle: From Idea to Income","Turn your passion into profit with our step-by-step guide to launching a successful side hustle. We cover everything from finding your niche to marketing your services.","Michael Brown"
"The Art of Learning a New Language","From immersion to spaced repetition, we explore proven methods for learning a new language. The key is consistency and practice.","Jessica Davis"
"The Best Podcasts for Personal Growth","A curated list of podcasts that will inspire and educate you. Tune in to experts in various fields and expand your knowledge on the go.","Ryan Garcia"
"Building a Home Gym on a Budget","Get fit without breaking the bank. This guide shows you how to set up an effective home gym with affordable and versatile equipment.","Sarah Jenkins"
"The Psychology of Color in Design","Discover how different colors evoke specific emotions and how to use them to your advantage in graphic design and branding.","James Harrison"
"The Art of Writing a Killer Cover Letter","Your cover letter is your first impression. We share tips to make it stand out and get noticed by recruiters.","Maria Lopez"
"The Future of Electric Vehicles","We look at the latest innovations and market trends in the electric vehicle industry. Are EVs the solution to our climate challenges?","Kevin Rodriguez"
"Creating a Healthy Morning Routine","Start your day right with a routine that boosts your energy and sets you up for success. Simple habits can make a huge difference.","Laura Chen"
"The Basics of Web Development","Get a crash course in HTML, CSS, and JavaScript. We cover the foundational skills needed to build your first website.","David Miller"
"The Benefits of a Digital Detox","In a world of constant connection, a digital detox can recharge your mind and body. Learn how to disconnect to reconnect with yourself.","Sophia Lee"
"Navigating the Stock Market as a Beginner","We break down the key terms and strategies you need to know to start your investing journey with confidence.","Michael Brown"
"Simple Hacks for a More Organized Life","From decluttering your home to managing your schedule, these simple hacks will help you live a more organized and stress-free life.","Jessica Davis"
"The Best Travel Destinations for Solo Travelers","Our top picks for safe and exciting travel destinations that are perfect for solo adventurers.","Ryan Garcia"
"The Art of Storytelling in Business","Learn how to craft a compelling narrative to engage customers and build a loyal brand following.","Sarah Jenkins"
"How to Brew the Perfect Cup of Tea","From green tea to black tea, we cover the essential steps to brewing a perfect cup every time.","James Harrison"
"The Power of Gratitude","Discover how a daily gratitude practice can improve your mental and emotional well-being.","Maria Lopez"
"Understanding Your Credit Score","We demystify the credit score system and provide tips to improve your score and financial health.","Kevin Rodriguez"
"Creating a Sustainable Kitchen","Learn how to reduce food waste and make eco-friendly choices in your kitchen.","Laura Chen"
"The Ultimate Guide to Building a PC","A step-by-step guide to building your own computer from scratch.","David Miller"
"The Benefits of Running","From improved cardiovascular health to stress relief, we explore the many benefits of running.","Sophia Lee"
"The Basics of Photography","Learn the fundamentals of photography and how to take better photos.","Michael Brown"
"How to Start a Successful Blog","We cover everything from choosing a niche to promoting your content.","Jessica Davis"
"The Best Fitness Apps","A list of our favorite fitness apps for every goal and fitness level.","Ryan Garcia"
"The Psychology of Habits","Understand how habits are formed and how to create new ones.","Sarah Jenkins"
"The Ultimate Guide to Meal Prepping","Save time and money with our guide to effective meal prepping.","James Harrison"
"The Art of Public Speaking","Overcome your fear of public speaking with our expert tips.","Maria Lopez"
"The Future of Artificial Intelligence","We explore the latest advancements and ethical considerations in AI.","Kevin Rodriguez"
"Creating a Cozy Home","Learn how to create a warm and inviting atmosphere in your home.","Laura Chen"
"The Best Books for Personal Development","A curated list of books that will help you grow and succeed.","David Miller"
"Understanding the Gig Economy","We explore the pros and cons of the gig economy and its future.","Sophia Lee"
"The Benefits of Learning to Code","From career opportunities to creative expression, coding has many benefits.","Michael Brown"
"The Art of Time Management","Learn how to manage your time effectively and boost your productivity.","Jessica Davis"
"The Best Ways to Save Money","We share practical tips and strategies for saving money.","Ryan Garcia"
"The Art of Negotiation","Learn how to negotiate like a pro and get what you want.","Sarah Jenkins"
"The Ultimate Guide to Cryptocurrency","A beginner's guide to understanding the world of digital currency.","James Harrison"
"The Benefits of Meditation","Discover the science-backed benefits of a regular meditation practice.","Maria Lopez"
"The Future of Renewable Energy","We explore the latest innovations and trends in the renewable energy sector.","Kevin Rodriguez"
"Creating a Personal Budget","Learn how to create and stick to a personal budget.","Laura Chen"
"The Best Travel Gadgets","A list of our favorite gadgets for a more comfortable travel experience.","David Miller"
"Understanding Social Media Algorithms","We break down how social media algorithms work and how to leverage them.","Sophia Lee"
"The Benefits of Journaling","Discover how journaling can help you reflect and grow.","Michael Brown"
"How to Write a Resume","Our top tips for writing a resume that gets you noticed.","Jessica Davis"
"The Best Productivity Tools","A list of our favorite tools to help you stay organized and focused.","Ryan Garcia"
"The Art of Effective Communication","Learn how to communicate more effectively in your personal and professional life.","Sarah Jenkins"
"The Ultimate Guide to Investing in Real Estate","A beginner's guide to understanding the world of real estate investing.","James Harrison"
"The Benefits of a Plant-Based Diet","We explore the health benefits and tips for transitioning to a plant-based diet.","Maria Lopez"
"The Future of Space Exploration","We look at the latest advancements and goals in space exploration.","Kevin Rodriguez"
"Creating a Home Office","Learn how to design a productive and comfortable home office.","Laura Chen"
"The Best Smart Home Devices","A list of our favorite devices to make your home smarter.","David Miller"
"Understanding E-commerce","We explore the world of online shopping and how to start your own store.","Sophia Lee"
"The Benefits of Yoga","From improved flexibility to reduced stress, yoga has many benefits.","Michael Brown"
"How to Build a Website","A step-by-step guide to building your first website.","Jessica Davis"
"The Best Apps for Learning","A list of our favorite apps to help you learn something new.","Ryan Garcia"
"The Art of Public Speaking","Overcome your fear of public speaking with our expert tips.","Sarah Jenkins"
"The Ultimate Guide to Meal Prepping","Save time and money with our guide to effective meal prepping.","James Harrison"
"The Power of Gratitude","Discover how a daily gratitude practice can improve your mental and emotional well-being.","Maria Lopez"
"Understanding Your Credit Score","We demystify the credit score system and provide tips to improve your score and financial health.","Kevin Rodriguez"
"Creating a Sustainable Kitchen","Learn how to reduce food waste and make eco-friendly choices in your kitchen.","Laura Chen"
"The Ultimate Guide to Building a PC","A step-by-step guide to building your own computer from scratch.","David Miller"
"The Benefits of Running","From improved cardiovascular health to stress relief, we explore the many benefits of running.","Sophia Lee"
"The Basics of Photography","Learn the fundamentals of photography and how to take better photos.","Michael Brown"
"How to Start a Successful Blog","We cover everything from choosing a niche to promoting your content.","Jessica Davis"
"The Best Fitness Apps","A list of our favorite fitness apps for every goal and fitness level.","Ryan Garcia"
"The Psychology of Habits","Understand how habits are formed and how to create new ones.","Sarah Jenkins"
"The Ultimate Guide to Meal Prepping","Save time and money with our guide to effective meal prepping.","James Harrison"
"The Art of Public Speaking","Overcome your fear of public speaking with our expert tips.","Maria Lopez"
"The Future of Artificial Intelligence","We explore the latest advancements and ethical considerations in AI.","Kevin Rodriguez"
"Creating a Cozy Home","Learn how to create a warm and inviting atmosphere in your home.","Laura Chen"
"The Best Books for Personal Development","A curated list of books that will help you grow and succeed.","David Miller"
"Understanding the Gig Economy","We explore the pros and cons of the gig economy and its future.","Sophia Lee"
"The Benefits of Learning to Code","From career opportunities to creative expression, coding has many benefits.","Michael Brown"
"The Art of Time Management","Learn how to manage your time effectively and boost your productivity.","Jessica Davis"
"The Best Ways to Save Money","We share practical tips and strategies for saving money.","Ryan Garcia"
"The Art of Negotiation","Learn how to negotiate like a pro and get what you want.","Sarah Jenkins"
"The Ultimate Guide to Cryptocurrency","A beginner's guide to understanding the world of digital currency.","James Harrison"
"The Benefits of Meditation","Discover the science-backed benefits of a regular meditation practice.","Maria Lopez"
"The Future of Renewable Energy","We explore the latest innovations and trends in the renewable energy sector.","Kevin Rodriguez"
"Creating a Personal Budget","Learn how to create and stick to a personal budget.","Laura Chen"